Package Name,Description,Created,Modified,Versions Count,Version,Version Size (MB),Version Created,Version Modified,Download Count
zetta-demo2,,2023-07-21T15:52:33.655Z,2023-07-21T15:52:33.655Z,1,,0.0,,,0
zetta-demo,,2023-07-21T15:30:58.213Z,2023-07-21T15:30:58.213Z,1,,0.0,,,0
zetta-cidemo,,2023-07-24T11:51:50.411Z,2023-07-24T14:25:48.464Z,2,,0.0,,,0
xray,,2025-05-29T09:02:02.951Z,2025-05-29T09:00:26.844Z,1,,0.0,,,0
xmas_java_applicable,,2022-04-18T12:37:21.044Z,2023-01-18T08:33:59.363Z,1,,0.0,,,0
xmas_java,,2022-04-18T12:32:31.945Z,2023-01-18T08:34:00.56Z,1,,0.0,,,0
xmas_cve,,2022-04-10T11:17:58.216Z,2022-04-10T11:17:58.216Z,1,,0.0,,,0
wrap1,,2023-01-10T16:02:02.683Z,2023-01-10T16:02:02.683Z,1,,0.0,,,0
workload-agent,,2023-04-12T16:35:20.145Z,2023-04-12T16:35:20.145Z,1,,0.0,,,0
wordpress,,2022-12-19T12:02:05.374Z,2022-12-19T12:00:39.382Z,1,,0.0,,,0
webgoat/webgoat-8.0,,2023-02-26T22:57:19.012Z,2024-10-30T16:52:18.539Z,5,,0.0,,,0
webgoat-maven,,2025-04-11T21:36:56.271Z,2025-04-15T07:43:01.95Z,11,,0.0,,,0
webgoat-jfrog-github,,2024-07-03T16:00:33.466Z,2024-08-20T17:56:32.418Z,8,sha256__f175047ef9714a1b7952fa7408a65594032750ee29c16e1ae26c114b2002cbab,198.6,2024-08-20T17:57:32.411Z,2024-08-20T17:56:32.177Z,0
webgoat-demo,,2025-02-20T14:24:02.291Z,2025-02-21T00:54:06.828Z,1,,0.0,,,0
webgoat,,2023-02-22T09:57:36.002Z,2025-06-20T13:24:42.873Z,11,4103283124,186.11,2023-04-12T19:39:24.421Z,2023-04-12T19:38:40.628Z,0
webgoat,,2023-02-22T09:57:36.002Z,2025-06-20T13:24:42.873Z,11,4103250407,93.58,2023-04-12T19:26:58.458Z,2023-04-12T19:25:55.522Z,0
webgoat,,2023-02-22T09:57:36.002Z,2025-06-20T13:24:42.873Z,11,2025.4-SNAPSHOT,468.64,2025-03-18T14:35:27.423Z,2025-03-18T14:34:13.736Z,12
webgoat,,2023-02-22T09:57:36.002Z,2025-06-20T13:24:42.873Z,11,2025.3-SNAPSHOT,336.47,2025-03-04T14:24:09.724Z,2025-03-04T14:22:46.636Z,5
webgoat,,2023-02-22T09:57:36.002Z,2025-06-20T13:24:42.873Z,11,2024.2,335.89,2025-02-10T13:56:52.291Z,2025-02-10T13:55:11.992Z,0
webgoat,,2023-02-22T09:57:36.002Z,2025-06-20T13:24:42.873Z,11,2024.2-SNAPSHOT,465.91,2024-06-14T13:52:31.343Z,2024-06-14T13:51:26.865Z,30
webgoat,,2023-02-22T09:57:36.002Z,2025-06-20T13:24:42.873Z,11,2023.9-SNAPSHOT,200.02,2024-04-08T19:15:08.554Z,2024-04-08T19:13:14.799Z,26
webgoat,,2023-02-22T09:57:36.002Z,2025-06-20T13:24:42.873Z,11,2023.8,199.99,2024-05-20T12:02:09.546Z,2024-05-20T12:01:17.228Z,3
webgoat,,2023-02-22T09:57:36.002Z,2025-06-20T13:24:42.873Z,11,2023.5,303.26,2024-05-20T15:32:20.293Z,2024-05-20T15:31:58.233Z,2
weaveworks/weave-kube,,2022-11-27T12:46:13.062Z,2022-11-27T12:45:00.423Z,1,,0.0,,,0
vulnerables/web-dvwa,,2025-05-29T15:12:07.629Z,2025-05-29T15:10:32.048Z,1,,0.0,,,0
vuln-ejs,,2022-12-14T13:40:28.832Z,2023-05-27T15:14:46.131Z,1,,0.0,,,0
vuln-appbundle-ejs,,2023-06-13T12:56:36.48Z,2023-06-13T12:55:27.007Z,1,,0.0,,,0
vmware/photon,,2024-06-11T18:54:58.37Z,2024-06-11T18:54:58.37Z,1,,0.0,,,0
vllm/vllm-openai,,2024-11-29T09:06:51.432Z,2024-11-29T09:04:57.445Z,1,,0.0,,,0
viapos_api,,2023-11-29T16:19:54.07Z,2024-01-12T17:15:58.194Z,9,5500b1654cc6268e7299678deaad4631951952b1,96.25,2024-01-08T14:33:07.735Z,2024-01-08T14:31:41.332Z,0
viapos_api,,2023-11-29T16:19:54.07Z,2024-01-12T17:15:58.194Z,9,937d97fd333a5548db1307b47061427ef8910336,96.25,2024-01-11T20:11:59.196Z,2024-01-11T20:10:54.958Z,0
ubuntu,,2024-03-26T21:00:32.891Z,2024-08-07T16:53:58.396Z,1,,0.0,,,0
ubi-ohadz,,2024-11-28T12:52:55.177Z,2024-12-04T09:34:55.397Z,10,,0.0,,,0
ubi8/ubi,,2024-01-19T15:09:33.055Z,2024-01-19T15:18:19.987Z,3,,0.0,,,0
ubi8/dotnet-80-runtime,,2025-05-22T15:38:36.112Z,2025-05-22T15:37:28.406Z,1,,0.0,,,0
ubi,,2024-10-27T14:29:19.577Z,2024-12-18T08:58:15.93Z,7,,0.0,,,0
thomseno/h2,,2022-08-23T10:48:04.647Z,2022-08-23T10:48:04.647Z,1,,0.0,,,0
thoho/nuget-playground,,2023-12-07T19:40:28.137Z,2023-12-07T19:39:24.82Z,1,,0.0,,,0
test/nuget,,2023-03-03T04:35:54.908Z,2023-03-03T04:58:46.873Z,1,,0.0,,,0
testdwzip,,2024-04-05T14:44:30.005Z,2024-04-05T14:43:09.029Z,1,,0.0,,,0
testapp,,2022-12-02T06:59:03.611Z,2022-12-02T06:57:53.089Z,1,,0.0,,,0
test_alpine,,2024-05-06T17:32:48.953Z,2024-05-06T19:24:22.996Z,2,,0.0,,,0
test,,2022-04-10T08:05:40.791Z,2024-02-28T15:13:55.389Z,2,,0.0,,,0
tekionpocdockerimage,,2024-10-06T01:42:06.136Z,2025-06-05T04:35:52.725Z,1,,0.0,,,0
swampup_docker_app_demo,,2020-07-28T03:57:03.895Z,2023-09-28T18:50:07.635Z,18,,0.0,,,0
swampup-demo-node-app,,2024-08-30T21:17:30.475Z,2024-08-30T21:15:48.848Z,1,,0.0,,,0
swampapp,,2024-09-02T09:10:27.369Z,2024-09-02T09:09:24.127Z,3,sha256__1821316019559c5a0c90f8aebbb3c8e9d1885dcc141f3a3561dc2157318e6923,2.59,2024-09-02T09:10:27.516Z,2024-09-02T09:09:23.797Z,38
stig-manager,,2024-05-07T00:23:54.585Z,2024-05-07T00:22:29.716Z,1,,0.0,,,0
stationa/osmium-tool,,2023-11-16T14:32:03.642Z,2023-11-16T14:30:44.878Z,2,,0.0,,,0
standard-alpine-python,,2024-10-07T17:11:34.194Z,2025-01-08T17:14:52.895Z,3,,0.0,,,0
standard-alpine-os,,2024-10-08T15:19:31.941Z,2024-10-08T19:49:13.148Z,1,,0.0,,,0
spring-petclinic-angular,,2024-02-28T14:02:19.263Z,2024-03-27T09:23:16.997Z,1,,0.0,,,0
spring-petclinic-3.2.0-snapshot,,2024-02-13T23:50:23.237Z,2024-02-14T10:47:14.687Z,2,,0.0,,,0
spring-petclinic,,2022-06-19T16:08:36.977Z,2025-06-16T20:47:52.638Z,295,14736596759,269.34,2025-04-29T16:40:14.405Z,2025-04-29T16:39:15.817Z,0
spring-petclinic,,2022-06-19T16:08:36.977Z,2025-06-16T20:47:52.638Z,295,15055930560,269.34,2025-05-15T21:58:15.127Z,2025-05-15T21:57:00.188Z,0
spring-petclinic,,2022-06-19T16:08:36.977Z,2025-06-16T20:47:52.638Z,295,14737310346,269.34,2025-04-29T17:20:12.427Z,2025-04-29T17:18:45.398Z,0
spring-petclinic,,2022-06-19T16:08:36.977Z,2025-06-16T20:47:52.638Z,295,14736036074,269.34,2025-04-29T16:11:43.712Z,2025-04-29T16:10:39.008Z,0
spring-petclinic,,2022-06-19T16:08:36.977Z,2025-06-16T20:47:52.638Z,295,sha256__122014f4760426683f79c9b769459a607b73021c00fec9f4bba3824236d0ab18,0.0,2025-03-15T18:15:32.269Z,2025-03-15T18:14:10.501Z,0
spring-petclinic,,2022-06-19T16:08:36.977Z,2025-06-16T20:47:52.638Z,295,sha256__caeef18311eec705135de955039462e4bc7b21dff3dc8dff2e01e80709f4f32e,201.12,2025-03-15T18:15:32.29Z,2025-03-15T18:14:10.825Z,0
spring-petclinic,,2022-06-19T16:08:36.977Z,2025-06-16T20:47:52.638Z,295,sha256__d260365d62531ce1f4bbc34cb1ff4054e58efbddf8f7c0b76fbc39587473d8df,141.16,2025-06-03T03:13:15.613Z,2025-06-03T03:11:24.724Z,0
spring-petclinic,,2022-06-19T16:08:36.977Z,2025-06-16T20:47:52.638Z,295,sha256__7681765d5876c2220e72aaeadfae9fa628dba201fdfdfe48a6516fc163739165,0.0,2025-06-16T20:49:32.686Z,2025-06-16T20:47:51.849Z,0
spring-petclinic,,2022-06-19T16:08:36.977Z,2025-06-16T20:47:52.638Z,295,sha256__3309441a4913dc9d54ed67ffd5e410f801f7d3b7f9e54a7a9e642093f9bf23e1,199.87,2025-03-15T00:08:23.949Z,2025-03-15T00:06:43.894Z,0
spring-petclinic,,2022-06-19T16:08:36.977Z,2025-06-16T20:47:52.638Z,295,sha256__f553203604e4279fe336f55a318d6a1d0bd4be5fd4bc6d049c9076adcfa0bd52,199.87,2025-03-15T00:38:24.362Z,2025-03-15T00:37:02.793Z,0
spring-petclinic,,2022-06-19T16:08:36.977Z,2025-06-16T20:47:52.638Z,295,sha256__91867e1255a4b6abef2ac0e733b0e3023800bcc6ea3d301a9385548d8372be5d,0.0,2025-02-15T00:50:49.589Z,2025-02-15T00:49:26.929Z,0
spring-petclinic,,2022-06-19T16:08:36.977Z,2025-06-16T20:47:52.638Z,295,sha256__e019824c94f0edf1efbdb5d3b333abc85ff7c56098215f193dc0b8c493c6df34,199.87,2025-02-15T00:50:49.54Z,2025-02-15T00:49:27.474Z,0
spring-petclinic,,2022-06-19T16:08:36.977Z,2025-06-16T20:47:52.638Z,295,sha256__db099008def90c7634e28023268acc9905e639f62c56b72653407fd1aa13b55d,199.88,2025-05-16T23:10:55.045Z,2025-05-16T23:04:27.119Z,0
spring-petclinic,,2022-06-19T16:08:36.977Z,2025-06-16T20:47:52.638Z,295,sha256__7874084fb81c6d0cba0688b2ad2fd659a9d48e53f78aeedb79c3854910130886,0.0,2025-06-11T18:37:15.372Z,2025-06-11T18:36:01.752Z,1
spring-petclinic,,2022-06-19T16:08:36.977Z,2025-06-16T20:47:52.638Z,295,sha256__b394349db63d2b3e874a7bc8c54940155c1aa2f51238ec64c0fef6bd1417f694,0.0,2025-03-15T00:45:24.802Z,2025-03-15T00:43:37.538Z,0
spring-petclinic,,2022-06-19T16:08:36.977Z,2025-06-16T20:47:52.638Z,295,sha256__6271468fca57b7481895ec87e485c4014fdad1f32644833ff244cd0e01540d01,199.87,2025-03-07T20:22:03.706Z,2025-03-07T20:20:18.769Z,0
spring-petclinic,,2022-06-19T16:08:36.977Z,2025-06-16T20:47:52.638Z,295,sha256__581071ceb7ea514bd642deaa1c423266bb9bc8b15a112bfd8eb293e8c18c1b5a,199.87,2025-03-15T00:45:24.804Z,2025-03-15T00:43:36.908Z,0
spring-petclinic,,2022-06-19T16:08:36.977Z,2025-06-16T20:47:52.638Z,295,sha256__cea1114014dabfc7d8a3f44b52a4cdf5c07f3c627055033b79a58a676963fc19,0.0,2025-04-17T19:17:53.089Z,2025-04-17T19:15:59.541Z,0
spring-petclinic,,2022-06-19T16:08:36.977Z,2025-06-16T20:47:52.638Z,295,sha256__47856b7e8d2664ed89c67b9cb9db83b5fc2234b22667766e3d89c3f6202e9023,0.0,2025-06-06T21:21:11.885Z,2025-06-06T21:19:35.369Z,1
spring-petclinic,,2022-06-19T16:08:36.977Z,2025-06-16T20:47:52.638Z,295,sha256__cb30824d6feb1ae748cab345d2e9523702cc779c2710b76269295f3cfa00ecbe,0.0,2025-02-14T23:28:48.3Z,2025-02-14T23:27:23.328Z,0
spring-petclinic,,2022-06-19T16:08:36.977Z,2025-06-16T20:47:52.638Z,295,sha256__40707605ce6c09ba5daad1719e29b7ef1cbc0a39917b2c789e8c6ec84b4706d5,201.12,2025-02-20T23:40:16.354Z,2025-02-20T23:38:20.771Z,0
spring-petclinic,,2022-06-19T16:08:36.977Z,2025-06-16T20:47:52.638Z,295,sha256__223351bfff4a3555998cb040d7cc448fec9ae36d8bcc67bbb7f5f4d3698178aa,0.0,2025-04-15T18:35:32.335Z,2025-04-15T18:34:13.4Z,0
spring-petclinic,,2022-06-19T16:08:36.977Z,2025-06-16T20:47:52.638Z,295,sha256__a983222bb3fe717d8faced238e0aea9d2faae4b24cfe77dc0c4a3012fb02653e,201.12,2025-03-07T20:22:03.781Z,2025-03-07T20:20:19.434Z,0
spring-petclinic,,2022-06-19T16:08:36.977Z,2025-06-16T20:47:52.638Z,295,sha256__20484ef1f6b8a61473fffbc70ec1ea2a6b4ad79ba274faa75e6b67eeae8e0932,199.87,2025-02-21T03:43:19.07Z,2025-02-21T03:42:08.45Z,0
spring-petclinic,,2022-06-19T16:08:36.977Z,2025-06-16T20:47:52.638Z,295,sha256__493413e1fca2b46b87de76238710eee1a54694f83b0fe9b5898163a059f24c1e,0.0,2025-02-21T03:43:19.142Z,2025-02-21T03:42:08.364Z,0
spring-petclinic,,2022-06-19T16:08:36.977Z,2025-06-16T20:47:52.638Z,295,sha256__3605756cbedd1ddad0ecfb229ad0fa611d7a4782bc95381c01d3cb88d98af76e,0.0,2025-03-15T00:26:24.179Z,2025-03-15T00:25:01.95Z,0
spring-petclinic,,2022-06-19T16:08:36.977Z,2025-06-16T20:47:52.638Z,295,sha256__318981a1bf50acd9328c6fd38e69a37e7c2d462f4ddd42e85386f26b9fa72991,0.0,2025-05-15T02:09:37.192Z,2025-05-15T02:08:10.376Z,0
spring-petclinic,,2022-06-19T16:08:36.977Z,2025-06-16T20:47:52.638Z,295,sha256__12702610c0dbefd94c4fcb32c04517db6c4ffddc91c00d4d02c919a0733e225b,0.0,2025-03-15T00:00:23.732Z,2025-03-14T23:58:40.261Z,0
spring-petclinic,,2022-06-19T16:08:36.977Z,2025-06-16T20:47:52.638Z,295,sha256__af9927b34c07d4d78d07b7f47217a007a8a74b7e5405695dc287891c7d9f8bfa,201.12,2025-02-11T17:00:17.958Z,2025-02-11T16:53:02.977Z,0
spring-petclinic,,2022-06-19T16:08:36.977Z,2025-06-16T20:47:52.638Z,295,sha256__9391c22b093240d5db75213c9db9ea1b8ef9aa0f5c0272e3b200f2c5060437b9,0.0,2025-04-15T19:33:33.487Z,2025-04-15T19:32:14.413Z,0
spring-petclinic,,2022-06-19T16:08:36.977Z,2025-06-16T20:47:52.638Z,295,sha256__9281cb5399c5279c5f3189e9590ad7af0f129e1eda47331ec2d4af66ed9cff81,199.87,2025-04-17T19:12:52.607Z,2025-04-17T19:11:07.174Z,0
spring-petclinic,,2022-06-19T16:08:36.977Z,2025-06-16T20:47:52.638Z,295,sha256__8773e49fa3248881a4a4730944c8dfba677757a0d9c2b6b589b91ad1b8216fae,199.87,2025-02-11T17:00:17.957Z,2025-02-11T16:53:02.969Z,0
spring-petclinic,,2022-06-19T16:08:36.977Z,2025-06-16T20:47:52.638Z,295,sha256__f8208eb8d3b9dba94f0d27d21892df994633ad8d386abfb618230e252c9946f6,0.0,2025-03-15T00:38:24.389Z,2025-03-15T00:37:02.795Z,0
spring-petclinic,,2022-06-19T16:08:36.977Z,2025-06-16T20:47:52.638Z,295,sha256__fe8058c8424857490f88b71407ea6b7997d58a436c4d0e4e045816abe85ef604,199.87,2025-02-14T23:54:48.587Z,2025-02-14T23:53:03.744Z,0
spring-petclinic,,2022-06-19T16:08:36.977Z,2025-06-16T20:47:52.638Z,295,sha256__7415b5f5d8c167d8794cc2564c3c4075897e2d59a094b4af931d139ccfe2f11a,201.12,2025-05-17T03:15:56.51Z,2025-05-17T03:14:43.874Z,1
spring-petclinic,,2022-06-19T16:08:36.977Z,2025-06-16T20:47:52.638Z,295,sha256__e6957b06c2f259b38ac86f037ec6a014ac5ff041352267ae93b0c0a3dda572c0,0.0,2025-04-17T19:12:52.958Z,2025-04-17T19:11:07.8Z,0
spring-petclinic,,2022-06-19T16:08:36.977Z,2025-06-16T20:47:52.638Z,295,sha256__ecc5483ade9cafb2169aa513728839b377e79805d523f22cd12ede825096c997,199.87,2025-03-15T00:49:24.755Z,2025-03-15T00:47:40.86Z,0
spring-petclinic,,2022-06-19T16:08:36.977Z,2025-06-16T20:47:52.638Z,295,sha256__4922de52e39d69cd5aff43b405649e9bf34611b038d880476a247a6e642cecec,199.87,2025-03-15T18:06:31.953Z,2025-03-15T18:04:57.594Z,0
soleng-backstage,,2024-04-03T20:01:07.875Z,2024-04-03T22:34:28.205Z,1,,0.0,,,0
soleng,,2022-11-28T08:01:55.656Z,2022-11-28T08:01:55.656Z,1,,0.0,,,0
smals-demo,,2024-08-30T08:05:41.396Z,2024-08-30T08:50:54.328Z,2,,0.0,,,0
single-sample-nuget,,2024-12-03T09:42:37.952Z,2024-12-03T09:40:45.763Z,1,,0.0,,,0
simple-project-app,,2025-02-14T17:11:40.421Z,2025-02-14T17:09:40.824Z,1,,0.0,,,0
simple_example_nuget__docker_aspnet,,2025-04-22T07:44:47.837Z,2025-04-22T07:44:47.837Z,1,,0.0,,,0
simple_example_nuget__docker,,2025-04-21T15:42:59.338Z,2025-04-22T07:34:05.173Z,5,,0.0,,,0
shrishrirang/alpine2,,2025-02-20T22:01:15.216Z,2025-02-20T21:59:19.709Z,1,,0.0,,,0
security-mvn-demo,,2025-06-18T02:30:51.049Z,2025-06-18T02:29:50.294Z,1,,0.0,,,0
secure-app,,2023-09-05T18:10:55.521Z,2023-09-05T18:09:33.908Z,1,,0.0,,,0
schwamster/nuget-docker,,2023-12-07T19:27:27.648Z,2023-12-07T19:26:19.403Z,1,,0.0,,,0
sample-npm-app,,2024-08-01T22:15:57.978Z,2024-08-02T02:43:45.218Z,9,,0.0,,,0
sample-java,,2023-02-24T06:10:52.491Z,2023-02-24T06:09:46.252Z,1,60820,2453.6,2023-02-24T06:10:52.491Z,2023-02-24T06:09:46.252Z,1
sample,,2024-08-28T08:18:27.55Z,2024-08-28T08:18:27.55Z,1,,0.0,,,0
sagemathinc/cocalc,,2023-11-13T12:10:38.575Z,2025-05-14T13:21:54.108Z,2,,0.0,,,0
safran,,2024-08-29T12:13:23.46Z,2024-08-29T12:13:23.46Z,1,,0.0,,,0
rubygem/compass,,2024-06-03T21:20:01.607Z,2024-06-03T21:18:25.155Z,1,,0.0,,,0
roybs-docker-local/node_exmp,,2021-01-05T13:57:50.378Z,2021-02-09T12:48:35.585Z,30,,0.0,,,0
rook/ceph,,2023-03-13T06:24:39.743Z,2023-03-13T06:23:25.081Z,1,,0.0,,,0
rlm-sec-alpine-python-marcelov1,,2025-01-08T17:57:52.934Z,2025-01-08T17:57:52.934Z,1,,0.0,,,0
rkt-demo,,2024-05-30T14:35:11.732Z,2024-05-30T14:35:11.732Z,1,,0.0,,,0
requests-report,,2024-04-15T20:10:38.021Z,2024-04-15T20:09:32.198Z,1,,0.0,,,0
releases-docker.jfrog.io/jfrog/artifactory-pro,,2025-05-06T19:46:40.037Z,2025-05-06T19:45:07.101Z,1,,0.0,,,0
redoc,,2023-08-27T10:48:02.019Z,2023-08-27T11:52:13.905Z,1,,0.0,,,0
redis,,2024-03-25T13:36:55.621Z,2024-03-25T13:35:54.677Z,1,,0.0,,,0
redhat/ubi9,,2024-04-22T09:09:57.085Z,2024-04-22T09:17:28.826Z,3,sha256__66233eebd72bb5baa25190d4f55e1dc3fff3a9b77186c1f91a0abdb274452072,0.0,2024-04-22T09:18:41.552Z,2024-04-22T09:08:41.582Z,0
redhat/ubi8,,2022-08-11T01:28:42.533Z,2025-05-07T02:41:45.805Z,8,,0.0,,,0
reactappimage,,2024-05-31T00:58:00.039Z,2025-06-04T18:52:37.363Z,79,,0.0,,,0
rancher/mirrored-pause,,2024-08-09T09:47:37.427Z,2024-08-09T09:57:13.483Z,1,,0.0,,,0
rancher/curl,,2023-10-06T20:41:00.105Z,2023-10-06T20:41:05.687Z,2,,0.0,,,0
rails-app,,2023-09-14T20:34:31.018Z,2023-09-14T20:33:22.142Z,1,,0.0,,,0
rabbitmq/latest,,2024-03-26T21:01:26.306Z,2024-03-26T21:01:26.306Z,1,,0.0,,,0
rabbit,,2024-01-05T19:11:27.073Z,2024-01-05T19:19:41.362Z,2,,0.0,,,0
pytorch/pytorch,,2024-10-23T01:21:19.034Z,2024-10-23T01:20:05.741Z,1,,0.0,,,0
pytorch,,2025-01-28T18:36:54.019Z,2025-01-28T18:44:11.203Z,1,,0.0,,,0
python-test,,2023-03-03T22:57:13.354Z,2023-03-03T22:57:13.354Z,1,,0.0,,,0
python-old-3.8,,2024-02-28T16:00:54.288Z,2024-02-28T16:00:54.288Z,1,,0.0,,,0
pythondash,,2024-03-11T18:04:51.473Z,2024-03-29T14:50:39.577Z,4,,0.0,,,0
python,,2024-08-28T08:48:01.129Z,2024-08-28T08:51:55.453Z,2,,0.0,,,0
pwebgoat,,2024-05-20T17:28:10.206Z,2024-05-27T15:05:30.593Z,2,,0.0,,,0
pubsub,,2024-02-23T18:08:50.233Z,2024-02-23T18:08:20.022Z,2,,0.0,,,0
pt-kryptostream-app,,2025-03-24T15:46:55.903Z,2025-06-03T13:20:26.216Z,21,,0.0,,,0
prom/prometheus,,2023-04-12T16:37:36.637Z,2025-04-17T09:34:42.649Z,3,,0.0,,,0
prometheus/prometheus,,2025-06-09T11:02:44.516Z,2025-06-09T11:01:02.713Z,2,,0.0,,,0
prometheus-operator/prometheus-operator,,2025-06-09T11:00:31.865Z,2025-06-09T11:00:31.865Z,2,,0.0,,,0
prometheus-operator/prometheus-config-reloader,,2025-06-09T11:01:24.981Z,2025-06-09T11:01:24.981Z,2,,0.0,,,0
prometheus/alertmanager,,2025-06-09T11:01:35.284Z,2025-06-09T11:01:35.284Z,2,,0.0,,,0
prom/blackbox-exporter,,2025-04-17T09:35:55.212Z,2025-05-22T05:56:42.53Z,3,,0.0,,,0
playwright,,2025-05-14T16:02:32.371Z,2025-05-14T16:01:33.676Z,2,sha256__a021500a801bab0611049217ffad6b9697d827205c15babb86a53bc1a61c02d5,0.0,2025-05-14T16:02:32.371Z,2025-05-14T16:01:31.977Z,0
playwright,,2025-05-14T16:02:32.371Z,2025-05-14T16:01:33.676Z,2,sha256__6102dc0e9ecaf3a80e1b7f1f76811ec4a83a56527e2c885d24e33722bb805e5b,838.4,2025-05-14T16:03:01.62Z,2025-05-14T16:01:33.676Z,0
platform-service,,2023-02-21T20:44:27.101Z,2023-02-21T20:44:27.101Z,1,,0.0,,,0
pipeline_app_demo,,2020-07-28T03:34:14.18Z,2023-09-28T18:50:10.776Z,92,,0.0,,,0
php-demo-arm,,2024-07-05T15:11:21.17Z,2024-07-05T15:09:49.207Z,1,,0.0,,,0
paketobuildpacks/builder,,2023-01-09T14:10:24.332Z,2023-01-15T13:49:31.954Z,3,,0.0,,,0
owasp-webgoat-dot-net,,2024-06-24T20:21:45.401Z,2024-06-24T20:20:22.17Z,1,,0.0,,,0
owasp/railsgoat,,2024-08-20T19:21:33.204Z,2024-08-23T18:45:15.62Z,2,,0.0,,,0
oryaacov/ubuntu-docker1,,2022-10-17T09:25:29.291Z,2022-10-17T09:25:29.291Z,1,,0.0,,,0
openjdk,,2020-07-01T08:55:44.191Z,2022-11-09T09:29:01.167Z,2,,0.0,,,0
ohadz-npm-project,,2023-07-17T09:11:33.042Z,2024-06-17T07:05:02.085Z,1,,0.0,,,0
ohadz-npm-gha,,2024-07-25T08:51:09.541Z,2024-11-19T16:03:44.283Z,61,sha256__d082419f4ebe8e8014edbf43642aaf6a82f61e2a79a7ee1dbcc39af5ce7aa6f3,0.02,2024-08-01T11:30:38.067Z,2024-08-01T11:29:19.79Z,0
ohadz-ejs-gha,,2024-11-19T16:12:01.363Z,2024-12-24T17:17:58.634Z,7,,0.0,,,0
ohadz-ado-pypi,,2024-08-25T08:31:28.407Z,2024-08-25T12:26:42.919Z,6,,0.0,,,0
ohadz-ado-npm,,2024-08-19T18:53:06.922Z,2024-12-31T14:40:40.449Z,14,,0.0,,,0
ohad-petclinic-gha,,2023-06-27T10:06:57.524Z,2024-04-01T08:52:56.922Z,1,,0.0,,,0
nuget/nuget,,2023-03-03T04:21:25.927Z,2023-03-03T04:28:24.451Z,1,,0.0,,,0
nshou/elasticsearch-kibana,,2024-09-09T18:47:22.353Z,2024-09-09T18:46:20.569Z,1,,0.0,,,0
npm-sample-docker,,2024-09-05T09:27:23.212Z,2024-12-22T15:07:11.761Z,21,,0.0,,,0
node-web-app,,2023-07-24T17:10:45.548Z,2023-07-24T18:30:12.46Z,2,,0.0,,,0
nodejs-demo,,2023-02-22T16:58:42.561Z,2024-09-22T17:56:38.318Z,15,,0.0,,,0
node-goat,,2024-10-18T02:43:40.271Z,2025-06-11T20:02:50.944Z,17,,0.0,,,0
nginxdemos/hello,,2023-01-18T20:58:14.538Z,2025-03-13T11:29:55.659Z,15,sha256__cd386999d30973c7c56fda7d56420a01a03094c42d3d6dde4e9da44f2652dac9,0.01,2023-03-07T17:01:58.43Z,2023-03-07T17:00:18.622Z,0
nginxdemos/hello,,2023-01-18T20:58:14.538Z,2025-03-13T11:29:55.659Z,15,sha256__791724257b474317454ce9131d9ebe4105b0c0f77c07a6ac0ff3dcf28b064fc6,0.01,2023-08-14T20:47:11.908Z,2023-08-14T20:45:59.388Z,0
nginxdemos/hello,,2023-01-18T20:58:14.538Z,2025-03-13T11:29:55.659Z,15,sha256__2293656951429d36b788d1285a97bd2a862428759802444450257760790423f6,0.01,2025-03-13T11:30:07.853Z,2025-03-13T11:29:00.858Z,0
nginxdemos/hello,,2023-01-18T20:58:14.538Z,2025-03-13T11:29:55.659Z,15,sha256__4449005ad10b8e1fbd06078206da9f1f367932a0f443e7376187d7365fa8b2ef,16.8,2024-03-13T17:58:08.939Z,2024-03-13T17:56:57.638Z,0
nginxdemos/hello,,2023-01-18T20:58:14.538Z,2025-03-13T11:29:55.659Z,15,sha256__035746db7e154f50c77c09e684e1e79aa9c663f004c98a0eb3805b0a53638ac3,15.32,2023-03-07T17:00:59.812Z,2023-03-07T17:00:20.157Z,0
nginxdemos/hello,,2023-01-18T20:58:14.538Z,2025-03-13T11:29:55.659Z,15,sha256__409564c3a1d194fcfd85cad7a231b61670ab6c40d04d80e86649d1fe7740436e,0.0,2023-01-18T20:59:28.537Z,2023-01-18T20:57:56.216Z,0
nginx,,2022-10-25T00:15:59.888Z,2024-09-26T12:31:08.513Z,3,,0.0,,,0
ngcontainer_angular,,2022-11-14T13:21:10.149Z,2022-11-14T13:19:47.671Z,1,,0.0,,,0
newrelic/k8s-nri-f5,,2024-04-18T18:15:55.771Z,2024-04-18T18:15:55.771Z,1,,0.0,,,0
newrelic/infrastructure,,2024-12-19T20:09:07.452Z,2024-12-19T20:07:50.598Z,2,sha256__a133213ac1e3c19e45bbf710098d0d130e9a3d0b500059c2e3c1d8c0c2db6966,0.0,2024-12-19T20:09:07.452Z,2024-12-19T20:07:49.622Z,0
nanoserver/iis,,2024-09-17T20:11:27.527Z,2024-09-17T20:10:12.589Z,1,,0.0,,,0
my-pet-clinic,,2022-06-14T15:35:26.834Z,2022-06-15T13:22:57.98Z,1,,0.0,,,0
my-petclinic,,2022-04-10T11:10:00.092Z,2023-01-18T08:34:00.41Z,3,,0.0,,,0
my-nginx-image,,2024-08-08T16:05:40.197Z,2024-08-08T16:05:40.197Z,1,,0.0,,,0
myimage2,,2023-06-22T21:28:33.844Z,2023-06-22T21:27:03.23Z,1,,0.0,,,0
myimage,,2023-06-22T21:22:33.582Z,2023-06-22T21:20:52.391Z,1,,0.0,,,0
mydemo,,2024-08-28T09:12:01.459Z,2024-08-28T14:08:30.346Z,3,,0.0,,,0
myappversion6,,2024-08-07T20:25:43.882Z,2025-04-07T04:45:59.467Z,1,,0.0,,,0
myappversion5,,2024-08-07T19:22:12.507Z,2024-08-07T19:21:05.062Z,1,,0.0,,,0
myappversion4,,2024-08-01T11:18:37.642Z,2024-08-01T11:16:41.193Z,1,,0.0,,,0
myappversion3,,2024-06-17T15:40:55.196Z,2024-07-28T14:13:21.422Z,1,,0.0,,,0
myappversion2,,2024-05-29T08:02:30.702Z,2024-06-09T13:54:32.456Z,1,,0.0,,,0
myappversion1,,2024-05-26T11:17:54.127Z,2024-05-28T11:36:07.176Z,1,,0.0,,,0
myapp-signed,,2024-04-02T11:53:16.921Z,2024-04-02T11:58:08.421Z,2,sha256-f08442f18487ec67683fbfdd0b17fac4014c31125a92d7a030985a257f3009f0.sig,0.0,2024-04-02T11:58:08.421Z,2024-04-02T11:57:57.256Z,1
myapp,,2024-05-19T19:27:27.159Z,2024-06-25T17:31:40.07Z,1,,0.0,,,0
mwtar,,2024-01-23T14:35:15.456Z,2024-02-08T12:50:54.405Z,1,,0.0,,,0
mvila/npm-addict,,2023-03-28T10:29:22.066Z,2025-03-13T11:30:35.626Z,2,sha256__58195a5e7a82a79a8e90566eb44d5fa62a93635087a0b1c19a117a91cd5ab302,127.4,2023-03-28T10:29:22.121Z,2023-03-28T10:28:12.054Z,0
multiarch/vuln-dgs-tcat,,2022-12-08T18:37:10.216Z,2024-04-02T13:28:44.932Z,76,sha256__20623e7b3bc0d4780a9970d2c0f19dd858b82973a73cceeb8887593783d93386,362.65,2022-12-08T19:04:37.649Z,2022-12-08T19:03:20.318Z,0
multiarch/vuln-dgs-tcat,,2022-12-08T18:37:10.216Z,2024-04-02T13:28:44.932Z,76,sha256__a25896a7f5de4db0c00266912376f128572ec82063e8277df31fd93ffed2e644,358.6,2023-01-02T16:33:35.001Z,2023-01-02T16:32:32.487Z,1
multiarch/vuln-dgs-tcat,,2022-12-08T18:37:10.216Z,2024-04-02T13:28:44.932Z,76,sha256__b01732724c6d313082e3a24f0a69f2d466db5b7e5bdcc95b1e15a7847ec8aaba,362.64,2023-01-16T09:24:06.958Z,2023-01-16T09:22:43.766Z,0
multiarch/vuln-dgs-tcat,,2022-12-08T18:37:10.216Z,2024-04-02T13:28:44.932Z,76,sha256__8360140cb3aa99d2c253f4cfb07ba17438016d6ba18a902b7f8d7e65c729ba3f,362.65,2023-04-30T13:24:32.3Z,2023-04-30T13:23:09.449Z,0
multiarch/vuln-dgs-tcat,,2022-12-08T18:37:10.216Z,2024-04-02T13:28:44.932Z,76,sha256__b9960e2bfca0ae3953c38478875fb7117544c3331e6d74a9e3ddc5a86f7b5eae,362.65,2023-04-27T09:35:52.749Z,2023-04-27T09:34:51.396Z,0
multiarch/vuln-dgs-tcat,,2022-12-08T18:37:10.216Z,2024-04-02T13:28:44.932Z,76,sha256__b9900f8034a33c5cfd1cdde1d3b3242faaa6c6c4c216b65052bdf83cc47eeed0,358.6,2024-02-07T09:35:28.223Z,2024-02-07T09:33:56.618Z,0
multiarch/vuln-dgs,,2022-12-08T19:03:37.357Z,2024-03-29T10:16:05.12Z,71,sha256__96828ed8536cabc6d40e3b905d3ebc9ea134c0e4dc93aaa1733231c425bfa4e6,0.01,2023-01-24T15:54:21.429Z,2023-01-24T15:53:16.22Z,1
multiarch/vuln-dgs,,2022-12-08T19:03:37.357Z,2024-03-29T10:16:05.12Z,71,sha256__2196899becc979df28b9f2e2378863f460054b434895b6aa33a225372719aecc,115.68,2022-12-20T12:05:14.781Z,2022-12-20T12:03:59.494Z,0
multiarch/vuln-dgs,,2022-12-08T19:03:37.357Z,2024-03-29T10:16:05.12Z,71,sha256__152208cafc222da9b7a309840bd57bbe4b1b21f98721e1e14da338511d8c4f8e,115.68,2023-07-20T08:32:06.238Z,2023-07-20T08:30:55.716Z,0
multiarch/vuln-dgs,,2022-12-08T19:03:37.357Z,2024-03-29T10:16:05.12Z,71,sha256__093112f04d93d87581f429a63dc756d0351e69635e8c8a2cb0403a856eaa6ace,115.68,2023-01-24T16:55:57.767Z,2023-01-24T16:54:56.822Z,0
multiarch/vuln-dgs,,2022-12-08T19:03:37.357Z,2024-03-29T10:16:05.12Z,71,sha256__fa9762d0b567692228b5230c05516677b1b719fd01f5b65d3a7ecfa95bf0d609,115.68,2023-04-27T08:32:51.744Z,2023-04-27T08:31:19.428Z,0
multiarch/vuln-dgs,,2022-12-08T19:03:37.357Z,2024-03-29T10:16:05.12Z,71,sha256__8390a6aebfa0621e169851156d49036534b3db936a1980198268ca3fe5bdd74c,115.68,2023-01-24T16:29:22.21Z,2023-01-24T16:28:15.917Z,0
multiarch/vuln-dgs,,2022-12-08T19:03:37.357Z,2024-03-29T10:16:05.12Z,71,sha256__5674cddaf81822f52ef27926255ad7b7f9266105aee0c0cb9c8c3dd1b934fec9,115.68,2023-01-16T15:55:10.047Z,2023-01-16T15:54:09.607Z,0
multiarch/hotfix-dgs-tcat,,2022-12-08T19:34:00.569Z,2023-02-27T10:37:31.587Z,20,sha256__17850046875ab06183cd1cfe8e67d93a10f3b36acf10f614301f7c03a1fb87d0,358.59,2023-02-27T10:33:11.309Z,2023-02-27T10:32:02.709Z,0
multiarch/hotfix-dgs-tcat,,2022-12-08T19:34:00.569Z,2023-02-27T10:37:31.587Z,20,sha256__6317198f0c37e2410c10f16fa4e257159b98553846e462966e3824838ac944c2,362.64,2023-02-27T10:39:11.733Z,2023-02-27T10:37:30.769Z,0
multiarch/hotfix-dgs-tcat,,2022-12-08T19:34:00.569Z,2023-02-27T10:37:31.587Z,20,sha256__dd5620ed238bf29ee89b9736089492ea43ea6c16f227b80588b4ddd7b05ed36c,358.6,2022-12-08T19:34:00.766Z,2022-12-08T19:32:51.864Z,0
multiarch/hotfix-dgs,,2022-12-08T19:33:00.306Z,2023-02-27T10:36:34.378Z,20,sha256__f065331a7958c40defe94543a654dcf5082cd1ae3de54487192318eb962a4c2a,115.68,2023-01-24T16:37:23.363Z,2023-01-24T16:36:13.197Z,0
multiarch/hotfix-dgs,,2022-12-08T19:33:00.306Z,2023-02-27T10:36:34.378Z,20,sha256__60673d462a2c5d449cc5113f7daffc5923dc7eaa45f27fe8fcce2968ae561b1f,115.68,2023-02-27T10:32:11.055Z,2023-02-27T10:31:02.261Z,0
multiarch/hotfix-dgs,,2022-12-08T19:33:00.306Z,2023-02-27T10:36:34.378Z,20,sha256__4881686eb2b2cfa00fa6edfe19f6f5501d6e7679dd7c71b10556c625d12a3d02,115.68,2023-01-16T09:32:07.304Z,2023-01-16T09:30:51.806Z,0
multiarch/hotfix-dgs,,2022-12-08T19:33:00.306Z,2023-02-27T10:36:34.378Z,20,sha256__e8303e67ca76510f21b24716651533aae39a94d2a1f2da9086d6d2c57d6e1b35,112.61,2023-01-16T09:32:07.418Z,2023-01-16T09:30:52.336Z,0
multiarch/fixed-dgs-tcat,,2022-12-09T11:37:06.692Z,2023-01-24T17:11:19.435Z,22,sha256__5533137833f0646255bbb472f499d7553e37111bd81f827cd9bf59a10fdce97a,363.1,2022-12-09T11:37:06.753Z,2022-12-09T11:35:57.601Z,0
multiarch/fixed-dgs-tcat,,2022-12-09T11:37:06.692Z,2023-01-24T17:11:19.435Z,22,sha256__49942015cbd95dd07211ca862aca99f0e6458fde3aafc1d7327826922a62f17a,363.04,2023-01-16T09:38:21.437Z,2023-01-16T09:37:15.394Z,0
multiarch/fixed-dgs,,2022-12-09T11:36:06.41Z,2023-01-24T17:10:12.763Z,25,sha256__022480c165f9e74a40d0a50755a37dc53eb857c883f7649c5eb87ac629e34406,112.61,2022-12-09T13:35:08.266Z,2022-12-09T13:33:58.142Z,0
multiarch/fixed-dgs,,2022-12-09T11:36:06.41Z,2023-01-24T17:10:12.763Z,25,sha256__d4451bdb6b8671be7fa4633b49b54aa2ab77f3f0a8631f2eba6e33f3f7a36cc0,112.61,2023-01-24T16:45:24.051Z,2023-01-24T16:44:16.183Z,0
multiarch/dro-backend-docker-dev-virtual-dgs,,2022-12-08T18:36:09.849Z,2022-12-08T18:45:55.116Z,6,,0.0,,,0
multiarch/dgs-graphql-tomcat,,2022-11-15T09:55:18.784Z,2022-12-07T23:09:49.561Z,79,sha256__13904c2792ab3367b368eb27f4836a646b56eb3522314dabd381f088c9adb97b,362.64,2022-11-30T16:50:14.027Z,2022-11-30T16:48:56.472Z,0
multiarch/dgs-graphql-tomcat,,2022-11-15T09:55:18.784Z,2022-12-07T23:09:49.561Z,79,sha256__90833d0412b7c7dd5f96169c8bfdf74d2952623561314917df293561a5001152,358.6,2022-11-22T08:21:10.446Z,2022-11-22T08:19:52.95Z,0
multiarch/dgs-graphql-tomcat,,2022-11-15T09:55:18.784Z,2022-12-07T23:09:49.561Z,79,sha256__926197091e69f0f42a03c88acebbbfcb69719c15a2a738341cf9f320ca19ce4e,362.64,2022-12-06T13:19:39.759Z,2022-12-06T13:18:19.827Z,1
multiarch/dgs-graphql-tomcat,,2022-11-15T09:55:18.784Z,2022-12-07T23:09:49.561Z,79,sha256__5454164866b54b6dcadb932bb14557c6d74d80ec9473c4944a0ac7ab5067651b,362.64,2022-11-24T12:48:45.477Z,2022-11-24T12:47:24.758Z,0
multiarch/dgs-graphql-tomcat,,2022-11-15T09:55:18.784Z,2022-12-07T23:09:49.561Z,79,sha256__720532ca53ad86e21a4b5ffa296f1c25cd01517cf72327aed22e74bf77085a3e,358.6,2022-11-23T08:30:25.022Z,2022-11-23T08:29:11.703Z,0
multiarch/dgs-graphql-tomcat,,2022-11-15T09:55:18.784Z,2022-12-07T23:09:49.561Z,79,sha256__36427050ee5db13a806c1525fd803f2e8319535206ce6ada25de650059b62701,363.1,2022-11-29T12:49:53.865Z,2022-11-29T12:48:25.95Z,0
multiarch/dgs-graphql-tomcat,,2022-11-15T09:55:18.784Z,2022-12-07T23:09:49.561Z,79,sha256__496074e4bea5639c88a8bc45d4c015f9b753a02d84d2d6928d018a8fe6b615c2,358.6,2022-11-15T16:51:48.259Z,2022-11-15T16:50:30.999Z,0
multiarch/dgs-graphql-tomcat,,2022-11-15T09:55:18.784Z,2022-12-07T23:09:49.561Z,79,sha256__d7652ef0ba1b21e272e0a8f5f522542166a7b3189a34831141c12fae475fae76,362.64,2022-11-30T17:03:15.509Z,2022-11-30T17:01:57.851Z,0
multiarch/dgs-graphql-tomcat,,2022-11-15T09:55:18.784Z,2022-12-07T23:09:49.561Z,79,sha256__6724f4797e0a2820b94f1a3aab643c2f6a167f445a2a804f12e9a7e7e96acdba,358.6,2022-11-22T13:45:43.511Z,2022-11-22T13:44:27.752Z,0
multiarch/dgs-graphql,,2022-10-24T19:45:34.984Z,2022-12-06T13:17:22.796Z,119,sha256__14780bc0977319f5b256ae0c78dadcacbb0fbcc91274cc5a9082f508e3e000da,115.68,2022-11-15T16:57:48.957Z,2022-11-15T16:56:26.979Z,0
multiarch/dgs-graphql,,2022-10-24T19:45:34.984Z,2022-12-06T13:17:22.796Z,119,sha256__48513e1823246221b35eabc9612bad418d8f035fc30798028c12477cdf7c3d7c,115.68,2022-11-27T19:59:51.971Z,2022-11-27T19:58:37.98Z,0
multiarch/dgs-graphql,,2022-10-24T19:45:34.984Z,2022-12-06T13:17:22.796Z,119,sha256__bfe50239162bed7123f6ea0f30938061b60e044c73267df494bbf4ccf7145ebd,115.68,2022-11-15T10:48:22.412Z,2022-11-15T10:46:52.063Z,0
multiarch/dgs-graphql,,2022-10-24T19:45:34.984Z,2022-12-06T13:17:22.796Z,119,sha256__913229c0147b4bf5fc1a8ed4b597a43567ea308fbd4121b7c4e668eaf3aef966,115.68,2022-11-30T17:02:14.916Z,2022-11-30T17:00:57.22Z,0
multiarch/dgs-graphql,,2022-10-24T19:45:34.984Z,2022-12-06T13:17:22.796Z,119,sha256__428100837b87a4965486c80b9aa7873e5399e782837dc8aaa5bf63f48e5beb03,115.68,2022-11-15T16:50:47.93Z,2022-11-15T16:49:32.473Z,0
multiarch/dgs-graphql,,2022-10-24T19:45:34.984Z,2022-12-06T13:17:22.796Z,119,sha256__687364eeb74d4462d13c154429e2aa4d8eda9ffe59297defcdc08582c11aa1c7,112.61,2022-10-24T19:50:05.375Z,2022-10-24T19:48:54.667Z,0
multiarch/dgs-graphql,,2022-10-24T19:45:34.984Z,2022-12-06T13:17:22.796Z,119,sha256__1375718ed64d5447dc07416fbb1b9402c702b8dd620614aa7f745163d183b6a4,112.61,2022-11-15T16:10:55.166Z,2022-11-15T16:09:47.654Z,0
multiarch/dgs-graphql,,2022-10-24T19:45:34.984Z,2022-12-06T13:17:22.796Z,119,sha256__ad71894fae46e485d83287558d2af14583604de0b60dbad425a12a026f6c9c70,115.68,2022-11-30T17:41:16.529Z,2022-11-30T17:40:07.916Z,0
multiarch/dgs-graphql,,2022-10-24T19:45:34.984Z,2022-12-06T13:17:22.796Z,119,sha256__313598f4ee141f5b1410b90fa7b496bacb8cc310fc9ccd2ab8ce8790abd50ba1,115.68,2022-11-29T12:41:50.34Z,2022-11-29T12:40:46.972Z,0
multiarch/dgs-graphql,,2022-10-24T19:45:34.984Z,2022-12-06T13:17:22.796Z,119,sha256__dd79918f4d486b2a0765e50f1a074efa9efb54b0fedbbf7a5414f6cd0f14c885,112.61,2022-11-30T17:41:16.684Z,2022-11-30T17:40:08.708Z,0
multiarch/dgs-graphql,,2022-10-24T19:45:34.984Z,2022-12-06T13:17:22.796Z,119,sha256__6392328c1fbc6b4ce9251c110ea357fcbd8ce42628e5e890c1e50fcf5250bdaf,115.68,2022-11-14T14:49:11.727Z,2022-11-14T14:47:56.066Z,5
multiarch/dgs-graphql,,2022-10-24T19:45:34.984Z,2022-12-06T13:17:22.796Z,119,sha256__6824845c0ed8c8e312dd09cac30f65480e9ce5652770d8ad2f272da7cfa4e033,115.68,2022-10-24T20:06:50.643Z,2022-10-24T20:05:47.758Z,0
multiarch/dgs-graphql,,2022-10-24T19:45:34.984Z,2022-12-06T13:17:22.796Z,119,sha256__b7022dc05959cad3112ae4c57003c619a27dcae651fd78dbc3fa122daa1958ab,115.68,2022-11-22T08:20:09.797Z,2022-11-22T08:18:53.613Z,0
multiarch/dgs-graphql,,2022-10-24T19:45:34.984Z,2022-12-06T13:17:22.796Z,119,sha256__6668e2c9810fb68f308a44658a86f3b734dc505c9238756e9f3ba07871656a68,115.68,2022-10-25T14:28:39.958Z,2022-10-25T14:27:23.327Z,0
multiarch/dgs-graphql,,2022-10-24T19:45:34.984Z,2022-12-06T13:17:22.796Z,119,sha256__dbff6028bced130c0d7b42f68625e543eecd060104e3d72a047ed83663256737,115.68,2022-12-06T13:18:39.628Z,2022-12-06T13:17:21.584Z,0
multiarch/dgs-graphql,,2022-10-24T19:45:34.984Z,2022-12-06T13:17:22.796Z,119,sha256__4626fb15a3c2ebd6d4864457b0c1fab7175cd67772cbf2bb878b6c76435e2596,115.68,2022-12-01T08:08:33.377Z,2022-12-01T08:06:55.377Z,0
multiarch/demo-dgs-tcat,,2024-01-12T15:46:30.193Z,2024-08-26T16:32:58.555Z,9,sha256__399258b320b652e3c91ab683c6f6fe85103ae470f5124e66413bd90c63a7fc37,362.65,2024-08-26T16:34:19.663Z,2024-08-26T16:32:57.478Z,0
multiarch/demo-dgs-tcat,,2024-01-12T15:46:30.193Z,2024-08-26T16:32:58.555Z,9,sha256__8865811dfd6b6e9de997620e7a67bbbc50aec9ef1ddac3b1aa9ea2db5bb98e34,362.65,2024-01-12T15:46:30.267Z,2024-01-12T15:45:27.542Z,0
multiarch/demo-dgs,,2024-01-12T15:45:29.905Z,2024-08-26T16:32:14.899Z,9,,0.0,,,0
mrjamiebowman/nuget-server-windows-server-core,,2023-12-07T19:26:44.84Z,2023-12-07T19:25:39.459Z,2,,0.0,,,0
monimage,,2023-03-27T20:25:00.276Z,2023-03-27T20:23:55.131Z,1,,0.0,,,0
mongodb/mongodb-enterprise-server,,2024-05-29T07:14:30.113Z,2024-05-29T07:13:14.519Z,2,sha256__5074d9e3fdfa18bcd491b9466f2f7b8977a602e3ebaa594cd30cae0a952932fc,0.0,2024-05-29T07:14:30.113Z,2024-05-29T07:13:09.626Z,0
misp/misp-docker/misp-modules,,2024-11-12T20:37:07.812Z,2024-11-12T20:35:15.302Z,2,sha256__f9314f6fd59bb9ebe0063ac7acc775c066fd116b28e075e42a545c3cf211e017,435.97,2024-11-12T20:37:07.929Z,2024-11-12T20:35:15.302Z,0
misp/misp-docker/misp-modules,,2024-11-12T20:37:07.812Z,2024-11-12T20:35:15.302Z,2,sha256__9097bbbc77dacf44b0fc0e84c3ab77d552d1760416c262e74df693616f9fa29a,0.0,2024-11-12T20:37:07.812Z,2024-11-12T20:35:14.038Z,0
misp/misp-docker/misp-core,,2024-11-06T21:29:22.439Z,2024-11-06T21:59:12.931Z,3,ce805b5,0.0,2024-11-06T21:29:22.439Z,2024-11-06T21:27:39.555Z,0
misp/misp-docker/misp-core,,2024-11-06T21:29:22.439Z,2024-11-06T21:59:12.931Z,3,sha256__eaf93628b5d69d2e1e66af52d6fbbe1a296dd69eb19881ea72416d8c32481af6,334.91,2024-11-06T21:59:12.931Z,2024-11-06T21:58:57.093Z,0
mirrored-pause,,2024-12-24T03:35:25.905Z,2024-12-24T03:34:24.526Z,1,,0.0,,,0
miclip/nuget-resource,,2023-12-07T19:23:12.51Z,2023-12-07T19:23:12.51Z,1,,0.0,,,0
michelin-test,,2023-10-17T06:44:48.244Z,2023-10-17T07:02:56.288Z,2,,0.0,,,0
maven-example,,2022-05-16T05:01:40.748Z,2022-05-16T05:01:40.748Z,1,,0.0,,,0
masterdemo-dockerbuild,,2024-04-07T20:11:54.235Z,2024-05-07T21:09:32.587Z,22,,0.0,,,0
marcelo-ga-webgoat-image,,2024-06-17T16:24:07.345Z,2024-06-18T18:05:20.947Z,16,sha256__577902c52da70674e72d002f355b9e782114437848adf8646f6c4843e0b6a3a9,198.62,2024-06-18T16:56:12.619Z,2024-06-18T16:54:58.84Z,0
marcelo-ga-webgoat-image,,2024-06-17T16:24:07.345Z,2024-06-18T18:05:20.947Z,16,sha256__d6614196790271c0d5bfb45a1869e72b5be1fb2d5079e62bdaa112ef12f64659,200.01,2024-06-18T13:54:11.661Z,2024-06-18T13:53:03.759Z,0
lpt-mock-ms-sepa-transfer-backend_cippayb,,2023-09-15T14:32:38.734Z,2023-09-15T14:31:18.862Z,1,3680,85.45,2023-09-15T14:32:38.734Z,2023-09-15T14:31:18.862Z,0
log4shell-server,,2025-05-19T19:59:34.303Z,2025-05-19T20:16:44.806Z,2,,0.0,,,0
linkedin/datahub-elasticsearch-setup,,2024-09-03T20:40:27.849Z,2024-09-03T20:40:27.849Z,1,,0.0,,,0
library/ubuntu,,2021-01-27T14:57:18.87Z,2025-03-21T13:05:56.371Z,36,sha256__3093096ee188f8ff4531949b8f6115af4747ec1c58858c091c8cb4579c39cc4e,27.25,2021-01-27T14:57:18.87Z,2021-01-27T14:56:52.508Z,1
library/ubuntu,,2021-01-27T14:57:18.87Z,2025-03-21T13:05:56.371Z,36,sha256__898332afc4624715fbfa02588229a452de3fa99c10930badd850af68c974c947,0.0,2025-03-21T13:07:40.876Z,2025-03-21T13:05:52.234Z,2
library/ubuntu,,2021-01-27T14:57:18.87Z,2025-03-21T13:05:56.371Z,36,sha256__41130130e6846dabaa4cb2a0571b8ee7b55c22d15a843c4ac03fde6cb96bfe45,27.07,2022-11-13T13:33:53.519Z,2022-11-13T13:32:51.112Z,3
library/ubuntu,,2021-01-27T14:57:18.87Z,2025-03-21T13:05:56.371Z,36,sha256__d36481db487c935436420cc4b705db8c81eec3872085ebd27963b775695fbe24,25.47,2024-01-22T19:10:34.178Z,2024-01-22T19:09:28.612Z,0
library/ubuntu,,2021-01-27T14:57:18.87Z,2025-03-21T13:05:56.371Z,36,sha256__bac6081102aae54ba4bcc714695b8f637e42768c7f376f374c428bab043ddc0f,26.24,2024-01-22T19:10:11.698Z,2024-01-22T19:08:48.206Z,0
library/ubuntu,,2021-01-27T14:57:18.87Z,2025-03-21T13:05:56.371Z,36,sha256__72297848456d5d37d1262630108ab308d3e9ec7ed1c3286a32fe09856619a782,0.01,2025-02-10T04:42:37.152Z,2025-02-10T04:41:35.726Z,0
library/ubuntu,,2021-01-27T14:57:18.87Z,2025-03-21T13:05:56.371Z,36,sha256__ca165754e2f953a4f686409b1eb5855212f42a252462c9c50bbc3077f3b9a654,26.09,2024-02-22T17:22:03.468Z,2024-02-22T17:21:10.491Z,0
library/ubuntu,,2021-01-27T14:57:18.87Z,2025-03-21T13:05:56.371Z,36,sha256__ecda8394a012c3885cedabb62ef0cc6cc5646b1cc2e75e353baf2455b3a1e9a5,0.0,2025-03-21T13:06:40.567Z,2025-03-21T13:05:36.718Z,2
library/ubuntu,,2021-01-27T14:57:18.87Z,2025-03-21T13:05:56.371Z,36,sha256__e6173d4dc55e76b87c4af8db8821b1feae4146dd47341e4d431118c7dd060a74,0.0,2024-01-22T19:10:11.679Z,2024-01-22T19:08:15.771Z,0
library/traefik,,2023-08-14T20:58:12.935Z,2023-08-14T20:57:09.672Z,3,,0.0,,,0
library/tomcat,,2021-04-27T21:53:46.869Z,2024-06-19T16:33:05.98Z,11,sha256__7791375c894b156ea6f3ff853d9e758017b65ea3239971a5c1869a2b626b68ab,330.85,2021-12-17T16:21:21.689Z,2021-12-17T16:19:25.632Z,1
library/tomcat,,2021-04-27T21:53:46.869Z,2024-06-19T16:33:05.98Z,11,sha256__514485d9e91fb56ca6b656a97a63fe8d5af434c585d617bc4ea87890bc4f346f,209.56,2024-06-19T16:33:05.98Z,2024-06-19T16:32:06.888Z,0
library/rust,,2023-01-18T20:51:28.25Z,2023-01-18T20:50:23.579Z,3,sha256__f72949bcf1daf8954c0e0ed8b7e10ac4c641608f6aa5f0ef7c172c49f35bd9b5,475.34,2023-01-18T20:51:28.351Z,2023-01-18T20:50:23.579Z,0
library/redis,,2023-04-28T15:05:04.917Z,2025-03-20T17:49:39.581Z,8,sha256__3134997edb04277814aa51a4175a588d45eb4299272f8eff2307bbf8b39e4d43,0.01,2024-03-20T23:28:18.647Z,2024-03-20T23:26:19.303Z,0
library/redis,,2023-04-28T15:05:04.917Z,2025-03-20T17:49:39.581Z,8,sha256__f50031a49f41e493087fb95f96fdb3523bb25dcf6a3f0b07c588ad3cdbe1d0aa,0.0,2023-04-28T15:05:04.986Z,2023-04-28T15:03:37.419Z,0
library/redis,,2023-04-28T15:05:04.917Z,2025-03-20T17:49:39.581Z,8,sha256__933818b5acf760bead8bbaf14474e2d4728bacbf75242e3a1a68fdb9839fe9e4,39.18,2023-04-28T15:05:05.018Z,2023-04-28T15:03:38.126Z,0
library/rabbitmq,,2021-12-17T17:15:22.065Z,2025-01-10T01:47:07.143Z,7,sha256__884146137011519524d506a12687127f3d2c7c37c2cc11206dc72c59bedea5e2,0.0,2022-11-09T05:12:35.104Z,2021-12-17T17:13:29.091Z,0
library/python,,2022-02-18T07:21:05.635Z,2024-12-30T08:09:06.542Z,24,sha256__90834dba6381dfc3957573dc7a3e6c5c8ed255cf60079329a6da2b5e6d4257b8,43.83,2024-06-29T16:33:29.411Z,2024-06-29T16:32:27.395Z,55
library/python,,2022-02-18T07:21:05.635Z,2024-12-30T08:09:06.542Z,24,sha256__6387448785b5479f0e57568d0f072b1d742b97f197f8e79643f006b5e55709f0,332.05,2024-11-26T02:38:55.71Z,2024-11-26T02:37:47.655Z,0
library/python,,2022-02-18T07:21:05.635Z,2024-12-30T08:09:06.542Z,24,sha256__8799b0564103a9f36cfb8a8e1c562e11a9a6f2e3bb214e2adc23982b36a04511,0.0,2024-06-29T16:44:56.73Z,2024-06-29T16:32:26.49Z,0
library/python,,2022-02-18T07:21:05.635Z,2024-12-30T08:09:06.542Z,24,sha256__8668e1e1b20faab76c42e30d77d52a84405e4fec1562c76aa442b0a2cc18821e,0.01,2024-11-26T02:38:46.848Z,2024-11-26T02:37:45.034Z,0
library/python,,2022-02-18T07:21:05.635Z,2024-12-30T08:09:06.542Z,24,sha256__dc4768cc2e8a1272877731775a391030fc3284f76d8dd2f5013571da4eef09bd,365.23,2024-02-08T12:25:52.084Z,2024-02-08T12:24:51.491Z,3
library/postgres,,2023-08-14T21:00:13.347Z,2024-11-12T13:47:57.052Z,9,sha256__27750cd60e6cc4159181ad98a60fc7ff73449a8c6925687632e1d8be8ca99009,145.69,2024-11-07T05:53:15.907Z,2024-11-07T05:51:50.325Z,0
library/postgres,,2023-08-14T21:00:13.347Z,2024-11-12T13:47:57.052Z,9,sha256__c474098372b29c5996710ddc0142c8f91af4d460993d90fcb5b978c44762c81a,0.01,2024-11-12T13:49:02.095Z,2024-11-12T13:47:53.878Z,0
library/postgres,,2023-08-14T21:00:13.347Z,2024-11-12T13:47:57.052Z,9,sha256__86817d5b3096e71d26bb5328e5f5d9d184c02bc3e511b252ed6cffaae9e3f745,0.0,2023-08-14T21:00:13.347Z,2023-08-14T20:59:11.243Z,0
library/postgres,,2023-08-14T21:00:13.347Z,2024-11-12T13:47:57.052Z,9,sha256__fcb5645d96d7bf7ef07d1446a1cd815e2d0bb1456a753c732dca892f21c1d6cd,142.06,2024-11-12T13:49:02.083Z,2024-11-12T13:47:57.052Z,0
library/openjdk,,2021-05-11T08:09:43.035Z,2024-04-05T12:21:50.012Z,18,sha256__c92607b9c9abd58d8d19b3fe4399ebdfd21171dc1c558cb9ffe05c12c90aa94e,232.84,2024-04-05T12:14:12.555Z,2024-04-05T12:13:00.393Z,0
library/openjdk,,2021-05-11T08:09:43.035Z,2024-04-05T12:21:50.012Z,18,sha256__779635c0c3d23cc8dbab2d8c1ee4cf2a9202e198dfc8f4c0b279824d9b8e0f22,210.64,2024-02-19T09:42:10.727Z,2024-02-19T09:41:50.159Z,60
library/node,,2021-04-26T19:10:24.688Z,2025-06-11T19:46:37.278Z,91,sha256__c59920a39842ec66f42cbfd87a9f943885dd6b366326902106736ff2ec05eb87,352.24,2024-07-03T07:57:10.349Z,2024-07-03T07:55:19.753Z,14
library/node,,2021-04-26T19:10:24.688Z,2025-06-11T19:46:37.278Z,91,sha256__eb29363371ee2859fad6a3c5af88d4abc6ff7d399addb13b7de3c1f11bdee6b9,376.9,2025-06-11T19:48:16.709Z,2025-06-11T19:46:37.278Z,0
library/node,,2021-04-26T19:10:24.688Z,2025-06-11T19:46:37.278Z,91,sha256__6262828fe62bf3693541252c63c09097d7a0958b5285472190199d3b8123737c,386.5,2025-04-09T21:46:32.965Z,2025-04-09T21:44:39.845Z,0
library/node,,2021-04-26T19:10:24.688Z,2025-06-11T19:46:37.278Z,91,sha256__bfcb378574ec15a95d04a2b9a4df2690124cde268cf13a783775063e99af706f,386.54,2025-02-25T21:33:58.198Z,2025-02-25T21:32:49.27Z,2
library/node,,2021-04-26T19:10:24.688Z,2025-06-11T19:46:37.278Z,91,sha256__cf500978c07bac83e0b6c0ffb63a62868e7b6213296894fd59620c512824859d,352.26,2024-07-24T09:18:14.41Z,2024-07-24T09:17:13.407Z,33
library/node,,2021-04-26T19:10:24.688Z,2025-06-11T19:46:37.278Z,91,sha256__66885a7d085d154c3d80c06ae5f4d356ee2bcd48367f54b865985c98dab5f402,0.01,2024-09-30T07:59:53.798Z,2024-09-30T07:58:41.347Z,0
library/node,,2021-04-26T19:10:24.688Z,2025-06-11T19:46:37.278Z,91,sha256__399947d4eac0d435181e4d711b7dec938e62c75cb33dd9e74a633af0758965cb,0.01,2025-02-20T18:59:13.626Z,2025-02-20T18:57:51.734Z,0
library/node,,2021-04-26T19:10:24.688Z,2025-06-11T19:46:37.278Z,91,sha256__4517380049fc3c9aacceae7764fcf3500354b0ac8a47e4afb35b5bbeb75b9498,28.7,2023-02-09T05:49:42.474Z,2023-02-09T05:48:36.2Z,21
library/node,,2021-04-26T19:10:24.688Z,2025-06-11T19:46:37.278Z,91,sha256__ff7044f34fb6ca2ee4d79bef79171e48d1a5ed1393d031f2b5b9e9b7932a92c2,45.28,2024-05-31T01:22:00.314Z,2024-05-31T01:20:50.318Z,0
library/node,,2021-04-26T19:10:24.688Z,2025-06-11T19:46:37.278Z,91,sha256__6170f7f0545172f5278534c3fcbbe28120a79e975fa69226de40a3c2295ef1f9,38.79,2021-04-27T08:08:00.667Z,2021-04-27T08:07:24.43Z,4
library/node,,2021-04-26T19:10:24.688Z,2025-06-11T19:46:37.278Z,91,sha256__f5079a4f93c8e4fd07ffa93fc95f6484d7f4f40abd126c11810cb282483ab599,39.16,2024-02-28T13:34:57.681Z,2024-02-28T13:33:55.217Z,0
library/node,,2021-04-26T19:10:24.688Z,2025-06-11T19:46:37.278Z,91,sha256__4311a74e0ab995227e1a4fa827980d03ed8ce2c89f54985abe8273a1935232c4,0.01,2024-07-11T09:52:06.822Z,2024-07-11T09:50:34.122Z,0
library/nginx,,2022-02-19T04:05:48.87Z,2025-05-29T09:24:53.351Z,69,sha256__617661ae7846a63de069a85333bb4778a822f853df67fe46a688b3f0e4d9cb87,0.0,2023-03-24T17:58:19.071Z,2023-03-24T17:57:02.872Z,0
library/nginx,,2022-02-19T04:05:48.87Z,2025-05-29T09:24:53.351Z,69,sha256__2184847781f431a9be2d6506d8b4595a84e4de24e590ea0cb413df889d9f8e55,0.01,2024-04-18T18:25:57.214Z,2024-04-18T18:24:39.182Z,0
library/nginx,,2022-02-19T04:05:48.87Z,2025-05-29T09:24:53.351Z,69,sha256__cb0953165f59b5cf2227ae979a49a2284956d997fad4ed7a338eebc6aef3e70b,17.14,2024-02-28T14:43:00.055Z,2024-02-28T14:41:55.241Z,0
library/nginx,,2022-02-19T04:05:48.87Z,2025-05-29T09:24:53.351Z,69,sha256__52478f8cd6a142fd462f0a7614a7bb064e969a4c083648235d6943c786df8cc7,67.26,2024-03-25T13:28:43.524Z,2024-03-25T13:27:03.369Z,0
library/nginx,,2022-02-19T04:05:48.87Z,2025-05-29T09:24:53.351Z,69,sha256__bab0713884fed8a137ba5bd2d67d218c6192bd79b5a3526d3eb15567e035eb55,64.54,2024-08-18T03:59:46.666Z,2024-08-18T03:58:44.61Z,0
library/nginx,,2022-02-19T04:05:48.87Z,2025-05-29T09:24:53.351Z,69,sha256__fb39280b7b9eba5727c884a3c7810002e69e8f961cc373b89c92f14961d903a0,0.01,2025-05-29T09:26:03.559Z,2025-05-29T09:24:50.921Z,0
library/nginx,,2022-02-19T04:05:48.87Z,2025-05-29T09:24:53.351Z,69,sha256__6650513efd1d27c1f8a5351cbd33edf85cc7e0d9d0fcb4ffb23d8fa89b601ba8,0.0,2023-02-14T18:57:54.605Z,2023-02-14T18:56:49.647Z,0
library/nginx,,2022-02-19T04:05:48.87Z,2025-05-29T09:24:53.351Z,69,sha256__91734281c0ebfc6f1aea979cffeed5079cfe786228a71cc6f1f46a228cde6e34,0.01,2025-02-24T23:24:30.66Z,2025-02-24T23:23:14.782Z,0
library/nginx,,2022-02-19T04:05:48.87Z,2025-05-29T09:24:53.351Z,69,sha256__c7489bf02149c3378ad78fb4d6b8eabf3ff6aabe6769b7c678a664420cba7ac0,64.18,2023-06-20T13:27:21.656Z,2023-06-20T13:25:54.053Z,0
library/mysql,,2023-08-14T21:02:13.616Z,2023-12-14T05:06:45.768Z,7,sha256__6057dec95d87a0d7880d9cfc9b3d9292f9c11473a5104b906402a2b73396e377,0.0,2023-12-14T05:08:22.173Z,2023-12-14T05:06:44.104Z,0
library/mongo,,2022-08-29T17:13:15.433Z,2022-08-29T17:13:15.433Z,3,,0.0,,,0
library/maven,,2024-06-06T06:42:16.305Z,2024-06-06T06:42:16.305Z,2,sha256__e31268f1d0079f0fd45dc50a3a8aaef4f351c91e3e6e6f84bbe0b76ee20e6623,221.83,2024-06-06T06:42:16.305Z,2024-06-06T06:41:30.461Z,0
library/kong,,2023-11-12T10:41:32.933Z,2023-11-12T10:40:02.79Z,3,sha256__e4764fa40f8854fb8d629d01338c51c5568903f33660b8fe6f85bfca6b43953a,87.62,2023-11-12T10:41:33.07Z,2023-11-12T10:40:02.79Z,0
library/httpd,,2022-02-21T00:47:27.385Z,2025-05-26T06:33:06.293Z,6,sha256__7280c780e026f3073f2570cbf3cbe044dacd9bd90c7094f1c6e0e687444c9cec,53.81,2022-02-21T00:47:27.385Z,2022-02-21T00:46:35.182Z,1
library/hello-world,,2021-12-15T16:33:42.269Z,2025-05-27T06:30:24.461Z,10,sha256__6352af1ab4ba4b138648f8ee88e63331aae519946d3b67dae50c313c6fc8200f,0.01,2024-03-14T21:10:58.058Z,2024-03-14T21:09:54.806Z,0
library/golang,,2024-11-07T11:49:26.085Z,2025-05-15T15:22:20.629Z,6,sha256__c80567372be0d486766593cc722d3401038e2f150a0f6c5c719caa63afb4026a,107.79,2024-11-07T11:49:26.085Z,2024-11-07T11:48:30.511Z,1
library/eclipse-temurin,,2023-12-07T19:02:26.577Z,2025-02-20T01:02:06.228Z,9,sha256__dfa181420478f22b709ef9ea6cdc6d94d874f652bc19f9209ffeeb4b3b498576,96.72,2024-07-03T15:56:33.129Z,2024-07-03T15:54:48.356Z,1
library/eclipse-temurin,,2023-12-07T19:02:26.577Z,2025-02-20T01:02:06.228Z,9,sha256__f93612b9ec59019438317d22fe7f54f4731327124bb0d9fb8c78b9c182770254,95.31,2024-07-03T15:56:32.942Z,2024-07-03T15:54:48.428Z,1
library/debian,,2024-01-22T22:55:09.217Z,2025-02-27T06:13:34.13Z,6,sha256__35286826a88dc879b4f438b645ba574a55a14187b483d09213a024dc0c0a64ed,0.01,2025-02-27T06:15:01.66Z,2025-02-27T06:13:34.13Z,0
library/debian,,2024-01-22T22:55:09.217Z,2025-02-27T06:13:34.13Z,6,sha256__f5479d94aaa3b2db836c8b17d24be4b4c1b3c2600565fbe07a0bf219a721f25e,0.0,2024-01-22T22:56:14.812Z,2024-01-22T22:54:37.289Z,0
library/centos,,2023-08-14T18:19:10.452Z,2023-08-14T18:17:56.896Z,3,,0.0,,,0
library/caddy,,2024-04-22T13:37:18.877Z,2024-04-22T13:41:50.873Z,2,,0.0,,,0
library/busybox,,2021-12-17T15:36:42.037Z,2025-05-29T09:11:04.424Z,17,sha256__7615936bd840f51289d138979bbb26b6c8b33a82b6bf3c9c55de18cac6e9e0ff,1.76,2024-11-04T11:20:15.546Z,2024-11-04T11:20:03.534Z,2
library/alpine,,2021-04-30T01:17:31.182Z,2025-05-15T15:22:20.8Z,50,sha256__33735bd63cf84d7e388d9f6d297d348c523c044410f553bd878c6d7829612735,3.46,2024-11-05T03:52:52.47Z,2024-11-05T03:52:36.98Z,6
library/alpine,,2021-04-30T01:17:31.182Z,2025-05-15T15:22:20.8Z,50,sha256__664888ac9cfd28068e062c991ebcff4b4c7307dc8dd4df9e728bedde5c449d91,3.09,2023-10-25T20:11:32.551Z,2023-10-25T20:10:55.534Z,2
library/alpine,,2021-04-30T01:17:31.182Z,2025-05-15T15:22:20.8Z,50,sha256__b206388a8e17c4a9c8e1c0d8f28dde06632dee48ac8409a6e5460280f978f593,2.59,2023-08-14T20:53:28.002Z,2023-08-14T20:52:48.575Z,0
library/alpine,,2021-04-30T01:17:31.182Z,2025-05-15T15:22:20.8Z,50,sha256__c66977c0d19b627ae69939ad5a7d42c76286bf0f8dd4f10b119dd1238119ba50,2.6,2023-03-24T17:58:50.801Z,2023-03-24T17:58:20.12Z,0
library/alpine,,2021-04-30T01:17:31.182Z,2025-05-15T15:22:20.8Z,50,sha256__a8560b36e8b8210634f77d9f7f9efd7ffa463e380b75e2e74aff4511df3ef88c,0.01,2025-02-19T04:15:30.809Z,2025-02-19T04:10:06.557Z,0
library/alpine,,2021-04-30T01:17:31.182Z,2025-05-15T15:22:20.8Z,50,sha256__7769c38ce671534a0ddbf98633f17edbbd4a4e99cbc77ef42f9f7b78b6a1c6c2,0.0,2023-03-24T17:59:19.977Z,2023-03-24T17:58:19.218Z,0
library/alpine,,2021-04-30T01:17:31.182Z,2025-05-15T15:22:20.8Z,50,sha256__7144f7bab3d4c2648d7e59409f15ec52a18006a128c733fcff20d3a4a54ba44a,0.0,2023-08-14T20:53:12.475Z,2023-08-14T20:52:03.967Z,0
lab-runner-init,,2022-05-18T02:03:00.563Z,2022-05-25T04:40:51.725Z,9,,0.0,,,0
kube-state-metrics/kube-state-metrics,,2025-06-09T11:00:24.536Z,2025-06-09T11:00:24.536Z,2,sha256__d9760cb88c96b59bfab6a3586064b204b5234b6ad07bec2667ca37f797a519ff,14.58,2025-06-09T11:00:24.536Z,2025-06-09T10:59:47.74Z,0
kube-apiserver,,2022-07-07T10:10:29.034Z,2022-07-07T10:09:15.383Z,1,,0.0,,,0
kryptostream-app,,2024-11-10T07:56:14.509Z,2025-06-16T16:24:53.412Z,19,,0.0,,,0
konyfabric/kony-fabric-all,,2023-10-26T11:59:49.755Z,2023-10-26T12:07:29.537Z,2,202310.0.0_GA,1679.28,2023-10-26T11:59:50.027Z,2023-10-26T11:58:19.898Z,0
kong/kong,,2024-11-21T13:39:57.689Z,2024-11-21T13:39:57.689Z,2,,0.0,,,0
keycloak,,2024-05-07T00:19:54.297Z,2024-05-07T00:18:44.291Z,1,,0.0,,,0
katalonstudio/katalon,,2024-05-20T20:00:38.088Z,2025-05-05T18:17:35.705Z,2,,0.0,,,0
juice-shop-demo,,2024-10-17T02:42:10.153Z,2024-10-17T05:09:36.9Z,1,,0.0,,,0
juice-shop,,2022-12-29T22:56:11.829Z,2025-04-28T11:31:30.831Z,47,sha256__ac073462b813830f5bfb934fee39894943ee1d31d829a59692a25e4fafcd1565,165.4,2024-10-31T17:11:34.025Z,2024-10-31T17:09:51.084Z,0
juice-shop,,2022-12-29T22:56:11.829Z,2025-04-28T11:31:30.831Z,47,sha256__21089343154ad096787672ea5eae7523738f8055f9381007d5b6441b3ae0c8c2,166.51,2024-10-31T17:11:34.187Z,2024-10-31T17:09:51.984Z,0
juice-shop,,2022-12-29T22:56:11.829Z,2025-04-28T11:31:30.831Z,47,sha256__85335faae629bc03ae46829d4c86be378bd0fae16672a7c2b244cf1372ebb0c7,0.0,2025-04-21T08:00:39.656Z,2025-04-21T07:59:35.589Z,0
juice-shop,,2022-12-29T22:56:11.829Z,2025-04-28T11:31:30.831Z,47,sha256__b955099afeec0127d4138d91ccce6a18366b3e43623021e68c5e91533a36cb48,70.44,2024-11-05T16:28:45.912Z,2024-11-05T16:27:11.808Z,0
juice-shop,,2022-12-29T22:56:11.829Z,2025-04-28T11:31:30.831Z,47,sha256__723632df66eae66626458cdd99cf7218ccdf3f141428085773c119b29fec644c,165.43,2024-10-29T21:26:50.414Z,2024-10-29T21:25:19.9Z,0
juice-shop,,2022-12-29T22:56:11.829Z,2025-04-28T11:31:30.831Z,47,sha256__e946324a9b1fd2a7db01f8e666edd9280ee674ab09d227e90c01fb2b9806690d,0.0,2025-04-21T07:43:20.842Z,2025-04-21T07:42:20.64Z,0
juice-shop,,2022-12-29T22:56:11.829Z,2025-04-28T11:31:30.831Z,47,sha256__a6376d17faa3236f18a7e5c1fb17a5d51c35e6c6a4df22aa07ae2b64fb474ea0,75.44,2024-11-08T14:14:53.37Z,2024-11-08T14:13:15.07Z,0
juice-shop,,2022-12-29T22:56:11.829Z,2025-04-28T11:31:30.831Z,47,sha256__f5379ba6fcc191d9e043ededc6a8133a45465b3eefc7ea2b41728af26af265c6,75.34,2024-11-04T17:31:58.948Z,2024-11-04T17:30:30.119Z,0
jpdextension,,2025-06-08T02:02:26.623Z,2025-06-08T02:00:50.818Z,1,,0.0,,,0
jira-node-tls,,2024-05-07T00:10:53.748Z,2024-05-07T00:09:30.071Z,1,,0.0,,,0
jira-node-lts,,2024-05-22T14:38:50.522Z,2024-05-22T14:37:37.302Z,1,,0.0,,,0
jfrog/xray-server,,2021-03-23T20:37:34.137Z,2021-03-24T10:26:33Z,1,,0.0,,,0
jfrog/xrayjanus,,2022-07-14T21:27:25.494Z,2022-09-01T23:39:43.261Z,1,,0.0,,,0
